<?xml version="1.0" encoding="UTF-8"?>
<beans xmlns="http://www.springframework.org/schema/beans"
	xmlns:context="http://www.springframework.org/schema/context"
	xmlns:xsi="http://www.w3.org/2001/XMLSchema-instance" xmlns:tx="http://www.springframework.org/schema/tx"
	xmlns:aop="http://www.springframework.org/schema/aop"
	xsi:schemaLocation="http://www.springframework.org/schema/beans 
  http://www.springframework.org/schema/beans/spring-beans-2.5.xsd
  http://www.springframework.org/schema/aop 
  http://www.springframework.org/schema/aop/spring-aop-2.5.xsd
  http://www.springframework.org/schema/context 
  http://www.springframework.org/schema/context/spring-context-2.5.xsd
  http://www.springframework.org/schema/tx 
  http://www.springframework.org/schema/tx/spring-tx-2.5.xsd">
	
	<!-- Acá se indica a spring donde debe levantar las properties  -->
	<context:property-placeholder location="classpath:properties/*.properties"/>
<!-- 	<aop:aspectj-autoproxy/> -->
<!-- 	<bean id="loggingAspect" class="ar.edu.unlp.lifia.capacitacion.aspects.LoggingAspect" /> -->
	
	<bean id="dataSource"
		class="org.springframework.jdbc.datasource.DriverManagerDataSource">
		<property name="driverClassName" value="${db.driver}" />
		<property name="url" value="${db.url}" />
		<property name="username" value="${db.username}" />
		<property name="password" value="${db.password}" />
	</bean>

	<tx:annotation-driven />

	<bean id="transactionManager"
		class="org.springframework.orm.hibernate4.HibernateTransactionManager">
		<property name="sessionFactory" ref="sessionFactory" />
	</bean>

	<bean id="sessionFactory"
		class="org.springframework.orm.hibernate4.LocalSessionFactoryBean">
		<property name="dataSource" ref="dataSource" />
		<property name="configLocation" value="classpath:hibernate/hibernate.cfg.xml" />
	</bean>
	
	<bean id="liquibase" class="liquibase.integration.spring.SpringLiquibase">
		<property name="dataSource" ref="dataSource" />
		<property name="changeLog" value="classpath:liquibase/changelog.xml" />

		<!-- contexts specifies the runtime contexts to use. -->
		<property name="contexts" value="test, production" />
	</bean>
	
	<context:component-scan base-package="ar.edu.unlp.lifia.capacitacion.controller,ar.edu.unlp.lifia.capacitacion.services, ar.edu.unlp.lifia.capacitacion.dao" />
	

</beans>
