<beans xmlns="http://www.springframework.org/schema/beans"
	xmlns:context="http://www.springframework.org/schema/context"
	xmlns:mvc="http://www.springframework.org/schema/mvc" xmlns:xsi="http://www.w3.org/2001/XMLSchema-instance"
	xmlns:tx="http://www.springframework.org/schema/tx"
	xsi:schemaLocation=" http://www.springframework.org/schema/beans http://www.springframework.org/schema/beans/spring-beans-3.0.xsd http://www.springframework.org/schema/context 
        http://www.springframework.org/schema/context/spring-context-3.0.xsd http://www.springframework.org/schema/mvc
         http://www.springframework.org/schema/mvc/spring-mvc-3.0.xsd
         http://www.springframework.org/schema/tx 
  		http://www.springframework.org/schema/tx/spring-tx-2.5.xsd">

	<mvc:annotation-driven />

	<tx:annotation-driven />

	<bean id="transactionManager"
		class="org.springframework.orm.hibernate4.HibernateTransactionManager">
		<property name="sessionFactory" ref="sessionFactory" />
	</bean>
<!-- 	 <mvc:default-servlet-handler /> -->

<!--     Enable annotation-based controllers using @Controller annotations -->
<!--     <bean id="annotationUrlMapping" class="org.springframework.web.servlet.mvc.annotation.DefaultAnnotationHandlerMapping"> -->
<!--         <property name="order" value="0" /> -->
<!--     </bean> -->
<!-- 	<bean -->
<!-- 		class="org.springframework.web.servlet.view.InternalResourceViewResolver"> -->
<!-- 		<property name="prefix"> -->
<!-- 			<value>/WEB-INF/</value> -->
<!-- 		</property> -->
<!-- 		<property name="suffix"> -->
<!-- 			<value>.jsp</value> -->
<!-- 		</property> -->
<!-- 	</bean> -->
	    <!-- JSON Support -->
    <bean name="viewResolver" class="org.springframework.web.servlet.view.BeanNameViewResolver"/>
    <bean name="jsonTemplate" class="org.springframework.web.servlet.view.json.MappingJackson2JsonView"/>
	<context:component-scan base-package="ar.edu.unlp.lifia.capacitacion" />
</beans>