<?xml version='1.0' encoding='utf-8'?>
<!DOCTYPE hibernate-configuration PUBLIC
"-//Hibernate/Hibernate Configuration DTD//EN"
"http://www.hibernate.org/dtd/hibernate-configuration-3.0.dtd">
<hibernate-configuration>
	<session-factory>
		<property name="hibernate.connection.driver_class">${db.driver}</property>
		<property name="hibernate.connection.url">${hibernate.url}</property>
		<property name="hibernate.connection.username">${db.username}</property>
		<property name="hibernate.connection.password">${db.password}</property>
		<property name="show_sql">${hibernate.show_sql}</property>
		<property name="hibernate.hbm2ddl.auto">create-drop</property>
		<property name="dialect">${hibernate.dialect}</property>
		<!-- Archivos de mapeo -->
		<mapping resource="hibernate/mapping/Cryptography.hbm.xml" />
		<mapping resource="hibernate/mapping/AccessRule.hbm.xml" />
		<mapping resource="hibernate/mapping/File.hbm.xml" />
		<mapping resource="hibernate/mapping/Spy.hbm.xml" />
		<mapping resource="hibernate/mapping/Role.hbm.xml" />
		<mapping resource="hibernate/mapping/Rank.hbm.xml" />
		<mapping resource="hibernate/mapping/SpyState.hbm.xml" />
		<mapping resource="hibernate/mapping/Group.hbm.xml" />
		<mapping resource="hibernate/mapping/Message.hbm.xml" />
		<mapping resource="hibernate/mapping/SilenceRequest.hbm.xml" />
	</session-factory>
</hibernate-configuration>