<?xml version='1.0'?>
<!DOCTYPE hibernate-mapping PUBLIC "-//Hibernate/Hibernate Mapping DTD 3.0//EN" "http://www.hibernate.org/dtd/hibernate-mapping-3.0.dtd">
<hibernate-mapping package="ar.edu.unlp.lifia.capacitacion.domain.accessRule">
	
	<class name="AccessRule" abstract="true">
		<id name="id">
			<generator class="increment"/>
		</id>
		
		
		<union-subclass name="AccessRuleIndividual" table="accessRuleIndividual" >
			<many-to-one name="targetEntity" class="ar.edu.unlp.lifia.capacitacion.domain.spy.Spy" cascade="save-update" unique="true" not-null="true" />
		</union-subclass>
		<union-subclass name="AccessRuleGroup" table="accessRuleGroup" >
			<many-to-one name="targetEntity" class="ar.edu.unlp.lifia.capacitacion.domain.spy.Group" cascade="save-update" unique="true" not-null="true"  />
		</union-subclass>
		<union-subclass name="AccessRuleRank" table="accessRuleRank">
			<many-to-one name="targetEntity" class="ar.edu.unlp.lifia.capacitacion.domain.rank.Rank" cascade="save-update" unique="true" not-null="true" />
		</union-subclass>
		<union-subclass name="AccessRuleRole" table="accessRuleRole">
			<many-to-one name="targetEntity" class="ar.edu.unlp.lifia.capacitacion.domain.role.Role" cascade="save-update" unique="true" not-null="true" />
		</union-subclass>
	</class>
</hibernate-mapping>
