<?xml version="1.0" encoding="UTF-8"?>
<!DOCTYPE hibernate-mapping PUBLIC "-//Hibernate/Hibernate Mapping DTD 3.0//EN" "http://www.hibernate.org/dtd/hibernate-mapping-3.0.dtd">
<hibernate-mapping package="ar.edu.unlp.lifia.capacitacion.domain.cryptography">
	<class name="Cryptography" abstract="true">
		<id name="id">
			<generator class="increment"/>
		</id>
		<property name="encryptorPassword"/>
		<union-subclass name="BasicEncryption">
		</union-subclass>
		<union-subclass name="AdvancedEncryption">
		</union-subclass>
		
	</class>
</hibernate-mapping>