<?xml version='1.0'?>
<!DOCTYPE hibernate-mapping PUBLIC "-//Hibernate/Hibernate Mapping DTD 3.0//EN" "http://www.hibernate.org/dtd/hibernate-mapping-3.0.dtd">
<hibernate-mapping package="ar.edu.unlp.lifia.capacitacion.domain.file">
	<class name="File" abstract="true">
		<id name="id">
			<generator class="increment"/>
		</id>
		<property name="content" type="java.lang.String" access="field"/>
		<property name="size"/>
		<property name="fileName"/>
		<property name="description"/>
		<property name="dateOfCreation"/>
		<many-to-one name="encryptionStrategy" unique="true" not-null="true" cascade="all" access="field" />
		<many-to-one name="owner" not-null="true" />

		<bag name="accessRulesForFile" cascade="all" lazy="false" inverse="true" >
			<key column="AccessRule_id" />
			<one-to-many class="ar.edu.unlp.lifia.capacitacion.domain.accessRule.AccessRule" />
		</bag>
		<union-subclass name="Image">
			
		</union-subclass>
		
		<union-subclass name="Text">
			
		</union-subclass>
	</class>
</hibernate-mapping>
