<?xml version='1.0'?>
<!DOCTYPE hibernate-mapping PUBLIC 
 "-//Hibernate/Hibernate Mapping DTD//EN"
 "http://www.hibernate.org/dtd/hibernate-mapping-3.0.dtd">

<hibernate-mapping package="ar.edu.unlp.lifia.capacitacion.domain.spy">
	<class name="Group" table="Groups">
		<id name="id">
			<generator class="native" />
		</id>
		<property name="name" not-null="true"/>
		<property name="description" />
		<!-- propiedades -->
		<set name="spies" cascade="all">
			<key column="group_id"/>
			<one-to-many class="ar.edu.unlp.lifia.capacitacion.domain.role.Role"/>
		</set>
		<!-- Fin propiedades -->
	</class>
</hibernate-mapping>