<?xml version='1.0'?>
<!DOCTYPE hibernate-mapping PUBLIC "-//Hibernate/Hibernate Mapping DTD 3.0//EN" "http://www.hibernate.org/dtd/hibernate-mapping-3.0.dtd">
<hibernate-mapping package="ar.edu.unlp.lifia.capacitacion.domain.message">
	<class name="Message" abstract="true">
		<id name="id">
			<generator class="increment"/>
		</id>
		<many-to-one name="sender" cascade="save-update" not-null="true"  lazy="false" unique="false" />
		<property name="content"/>
		<union-subclass name="IndividualMessage" table="individualMessage">
			<many-to-one name="receiver" cascade="save-update" class="ar.edu.unlp.lifia.capacitacion.domain.spy.Spy" not-null="true" unique="false" lazy="false"/>
		</union-subclass>
		<union-subclass name="GroupMessage" table="groupMessage">
			<many-to-one name="receiver" cascade="save-update" class="ar.edu.unlp.lifia.capacitacion.domain.spy.Group" not-null="true" unique="false" lazy="false"/>
		</union-subclass>
		
	</class>
</hibernate-mapping>
