<?xml version='1.0'?>
<!DOCTYPE hibernate-mapping PUBLIC "-//Hibernate/Hibernate Mapping DTD 3.0//EN" "http://www.hibernate.org/dtd/hibernate-mapping-3.0.dtd">
<hibernate-mapping package="ar.edu.unlp.lifia.capacitacion.domain.rank">
	<class name="Rank">
		<id name="id">
			<generator class="native"/>
		</id>
		<property name="rank" not-null="true">
			<type name="org.hibernate.type.EnumType">
				<param name="enumClass">ar.edu.unlp.lifia.capacitacion.domain.rank.Ranks</param>
				<param name="type">12</param>
			</type>
		</property>	
	</class>
</hibernate-mapping>
