<?xml version='1.0'?>
<!DOCTYPE hibernate-mapping PUBLIC "-//Hibernate/Hibernate Mapping DTD 3.0//EN" "http://www.hibernate.org/dtd/hibernate-mapping-3.0.dtd">
<hibernate-mapping package="ar.edu.unlp.lifia.capacitacion.domain.spy">
	<class name="Spy" >
		<id name="id">
			<generator class="native"/>
		</id>
	
		<set name="outbox" cascade="all" inverse="true" lazy="false">
			<key column="id" />
			<one-to-many class="ar.edu.unlp.lifia.capacitacion.domain.message.Message" />
		</set>
		
		<set name="pendingOutbox" cascade="all" inverse="true" lazy="false">
			<key column="id" />
			<one-to-many class="ar.edu.unlp.lifia.capacitacion.domain.message.Message" />
		</set>
		
		<set name="inbox" cascade="all" inverse="true" lazy="false">
			<key column="id" />
			<one-to-many class="ar.edu.unlp.lifia.capacitacion.domain.message.Message" />
		</set>
		
		<set name="pendingInbox" cascade="all" inverse="true" lazy="false">
			<key column="id" />
			<one-to-many class="ar.edu.unlp.lifia.capacitacion.domain.message.Message"/>
		</set>
				
		<many-to-one name="role" cascade="all" not-null="true" unique="true"  lazy="false"/>
		<many-to-one name="rank" cascade="all" not-null="true" unique="true"  lazy="false"/>
		<many-to-one name="state" cascade="all" not-null="true" unique="true"  lazy="false"/>
		<many-to-one name="silenceRequest" not-null="false" unique="true"  lazy="false"/>

		<property name="username" not-null="true"/>
		<property name="password" not-null="true"/>
		<property name="ipAddress"/>
		
			 		
	
	</class>
</hibernate-mapping>
