<?xml version='1.0'?>
<!DOCTYPE hibernate-mapping PUBLIC "-//Hibernate/Hibernate Mapping DTD 3.0//EN" "http://www.hibernate.org/dtd/hibernate-mapping-3.0.dtd">
<hibernate-mapping package="ar.edu.unlp.lifia.capacitacion.domain.spyState">
	<class name="SpyState" abstract="true">
		<id name="id">
			<generator class="native"/>
		</id>
		<discriminator column="dtype" type="string"></discriminator>
		<many-to-one name="spy" cascade="all" unique="true" />
		
		<subclass name="NormalState" discriminator-value="NormalState">
		</subclass>
		
		<subclass name="PendingState" discriminator-value="PendingState">
		</subclass>
		
		<subclass name="SilenceState" discriminator-value="SilenceState">
		</subclass>
	
	</class>
</hibernate-mapping>
